,,,,,,,,,,,,,,,,,,,,,,,,,
,,,,,,,,,,,,,,,,,,,,,,,,,
"Titre de l'article",Lien,Date,Résumé,,,,,,,,,,,,,,,,,,,,,,
"Microsoft veut investir $10 mds 
dans un centre de données d'IA au Portugal
","https://investir.lesechos.fr/
actu-des-valeurs/la-vie-des-actions/
microsoft-veut-investir-
10-mds-dans-un-centre-de-donnees-dia-au-portugal-2197929
","11 Nov 2025","Microsoft annonce un projet majeur
 de data center à Sines, au Portugal,
 pour soutenir ses ambitions en IA en Europe.
",,,,,,,,,,,,,,,,,,,,,,
"Quand l'IA surchauffe, la planète trinque","https://www.lesechos.fr/thema/articles/
quand-lia-surchauffe-la-planete-trinque-2197671
","10 Nov 2025","L’article explore l’impact environnemental des data 
centers alimentant l’IA : eau, électricité, urbanisation.
",,,,,,,,,,,,,,,,,,,,,,
"Legrand confirme ses objectifs pour 2025 
après une hausse de ses résultats
","https://investir.lesechos.fr/actu-des-valeurs
/la-vie-des-actions/legrand-confirme-ses-objectifs
-pour
-2025-apres-une-hausse-de-ses-resultats-sur-neuf
-mo
is-2196949
","6 Nov 2025","Legrand affiche une forte croissance,
 portée notamment par ses activités 
dans les data centers, avec un bénéfice net 
en hausse de 7 %.
",,,,,,,,,,,,,,,,,,,,,,
"Data centers : Vertiv relève ses prévisions, 
bon signe pour Schneider Electric
","https://investir.lesechos.fr/actu-des-valeurs/la-vie-des-
actions/data-centers-que-vertiv-releve-ses-
previsions-est-de-bon-augure-pour-les-chiffres-que
-schneider-electric-publiera-la-semaine-prochaine-2193901
","22 Oct 2025","Vertiv annonce une croissance de 60 % dans les 
commandes de data centers,ce qui laisse présager 
une bonne performance pour Schneider Electric.
",,,,,,,,,,,,,,,,,,,,,,
"Transformation numérique des entreprises : 
enjeux sectoriels et fonctionnels
","https://solutions.lesechos.fr/tech/innovation/
transformation-numerique-des-entreprises
-quels-sont-les-enjeux-sectoriels-et-fonctionnels-en-2025/
","24 Sep 2025","Une étude Konica Minolta analyse les priorités 
numériques des entreprises françaises, incluant les 
infrastructures comme les data centers.
",,,,,,,,,,,,,,,,,,,,,,
"Tendances 2025 : l’IA recompose 
le paysage des datacenters

","https://www.solutions-numeriques.com/tendances-2025-
lia-recompose-le-paysage-des-datacenters/
","24 Sep 2025","L’article explore comment l’intelligence artificielle
 transforme les datacenters en 2025. Face à la 
montée en puissance des modèles IA, les 
infrastructures doivent évoluer : plus de puissance 
de calcul, densité accrue, refroidissement liquide et
 proximité des utilisateurs via l’edge computing.
 Cette mutation s’accompagne de défis énergétiques
, réglementaires et de souveraineté, poussant à 
repenser l’architecture, la localisation et la durabilité 
des centres de données.
",,,,,,,,,,,,,,,,,,,,,,
"No Turning Back The Digital Clock: Why Data
 Centers Matter Far More Than You Think

","https://www.forbes.com/councils/forbestechcouncil/2025 
/08/19/no-turning-back-the-digital-clock-why-data-centers
a
","19 Aug 2025","L’article défend le rôle stratégique des data centers 
dans l’économie numérique, malgré les critiques
 écologiques.

",,,,,,,,,,,,,,,,,,,,,,
"Five Trends That Will Define The Data Center 
Industry In 2025
","Five Trends That Will Define The Data Center 
Industry In 2025
","23 Dec 2024","Cinq tendances clés : 
durabilité, edge 
computing, IA, modularité et cybersécurité
 transformeront le secteur en 2025.Industry In 2025
",,,,,,,,,,,,,,,,,,,,,,
"Data centers et IA : un défi pour les 
infrastructures électriques américaines
","https://www.lesechos.fr/tech-medias/hightech/data-
centers-et-ia-un-defi-pour-les-infrastructures-electriques
-americaines-2192772
","21 Dec 2024","Cet article explique l’explosion de l’intelligence
 artificielle, alimentée par des data centers de plus en 
plus puissants, met sous pression les réseaux électriques
 américains.
",,,,,,,,,,,,,,,,,,,,,,
"Data Centers: 18 Challenges (And Solutions)
 On The Horizon
","https://www.forbes.com/councils/forbestechcouncil
/2024/12/19/data-centers-18-challenges-and-solutions-
on-the-horizon/
","19 Dec 2024","Un panel d’experts explore les défis à venir : 
consommation énergétique, scalabilité, 
cybersécurité, et IA.
",,,,,,,,,,,,,,,,,,,,,,
,,,,,,,,,,,,,,,,,,,,,,,,,
,,,,,,,,,,,,,,,,,,,,,,,,,
,,,,,,,,,,,,,,,,,,,,,,,,,
,,,,,,,,,,,,,,,,,,,,,,,,,
,,,,,,,,,,,,,,,,,,,,,,,,,
,,,,,,,,,,,,,,,,,,,,,,,,,
,,,,,,,,,,,,,,,,,,,,,,,,,
,,,,,,,,,,,,,,,,,,,,,,,,,
,,,,,,,,,,,,,,,,,,,,,,,,,
,,,,,,,,,,,,,,,,,,,,,,,,,
,,,,,,,,,,,,,,,,,,,,,,,,,
,,,,,,,,,,,,,,,,,,,,,,,,,
,,,,,,,,,,,,,,,,,,,,,,,,,
,,,,,,,,,,,,,,,,,,,,,,,,,
,,,,,,,,,,,,,,,,,,,,,,,,,
,,,,,,,,,,,,,,,,,,,,,,,,,
,,,,,,,,,,,,,,,,,,,,,,,,,
,,,,,,,,,,,,,,,,,,,,,,,,,
,,,,,,,,,,,,,,,,,,,,,,,,,
,,,,,,,,,,,,,,,,,,,,,,,,,
,,,,,,,,,,,,,,,,,,,,,,,,,
,,,,,,,,,,,,,,,,,,,,,,,,,
,,,,,,,,,,,,,,,,,,,,,,,,,
,,,,,,,,,,,,,,,,,,,,,,,,,
,,,,,,,,,,,,,,,,,,,,,,,,,
,,,,,,,,,,,,,,,,,,,,,,,,,
,,,,,,,,,,,,,,,,,,,,,,,,,
,,,,,,,,,,,,,,,,,,,,,,,,,
,,,,,,,,,,,,,,,,,,,,,,,,,
,,,,,,,,,,,,,,,,,,,,,,,,,
,,,,,,,,,,,,,,,,,,,,,,,,,
,,,,,,,,,,,,,,,,,,,,,,,,,
,,,,,,,,,,,,,,,,,,,,,,,,,
,,,,,,,,,,,,,,,,,,,,,,,,,
,,,,,,,,,,,,,,,,,,,,,,,,,
,,,,,,,,,,,,,,,,,,,,,,,,,
,,,,,,,,,,,,,,,,,,,,,,,,,
,,,,,,,,,,,,,,,,,,,,,,,,,
,,,,,,,,,,,,,,,,,,,,,,,,,
,,,,,,,,,,,,,,,,,,,,,,,,,
,,,,,,,,,,,,,,,,,,,,,,,,,
,,,,,,,,,,,,,,,,,,,,,,,,,
,,,,,,,,,,,,,,,,,,,,,,,,,
,,,,,,,,,,,,,,,,,,,,,,,,,
,,,,,,,,,,,,,,,,,,,,,,,,,
,,,,,,,,,,,,,,,,,,,,,,,,,
,,,,,,,,,,,,,,,,,,,,,,,,,
,,,,,,,,,,,,,,,,,,,,,,,,,
,,,,,,,,,,,,,,,,,,,,,,,,,
,,,,,,,,,,,,,,,,,,,,,,,,,
,,,,,,,,,,,,,,,,,,,,,,,,,
,,,,,,,,,,,,,,,,,,,,,,,,,
,,,,,,,,,,,,,,,,,,,,,,,,,
,,,,,,,,,,,,,,,,,,,,,,,,,
,,,,,,,,,,,,,,,,,,,,,,,,,
,,,,,,,,,,,,,,,,,,,,,,,,,
,,,,,,,,,,,,,,,,,,,,,,,,,
,,,,,,,,,,,,,,,,,,,,,,,,,
,,,,,,,,,,,,,,,,,,,,,,,,,
,,,,,,,,,,,,,,,,,,,,,,,,,
,,,,,,,,,,,,,,,,,,,,,,,,,
,,,,,,,,,,,,,,,,,,,,,,,,,
,,,,,,,,,,,,,,,,,,,,,,,,,
,,,,,,,,,,,,,,,,,,,,,,,,,
,,,,,,,,,,,,,,,,,,,,,,,,,
,,,,,,,,,,,,,,,,,,,,,,,,,
,,,,,,,,,,,,,,,,,,,,,,,,,
,,,,,,,,,,,,,,,,,,,,,,,,,
,,,,,,,,,,,,,,,,,,,,,,,,,
,,,,,,,,,,,,,,,,,,,,,,,,,
,,,,,,,,,,,,,,,,,,,,,,,,,
,,,,,,,,,,,,,,,,,,,,,,,,,
,,,,,,,,,,,,,,,,,,,,,,,,,
,,,,,,,,,,,,,,,,,,,,,,,,,
,,,,,,,,,,,,,,,,,,,,,,,,,
,,,,,,,,,,,,,,,,,,,,,,,,,
,,,,,,,,,,,,,,,,,,,,,,,,,
,,,,,,,,,,,,,,,,,,,,,,,,,
,,,,,,,,,,,,,,,,,,,,,,,,,
,,,,,,,,,,,,,,,,,,,,,,,,,
,,,,,,,,,,,,,,,,,,,,,,,,,
,,,,,,,,,,,,,,,,,,,,,,,,,
,,,,,,,,,,,,,,,,,,,,,,,,,
,,,,,,,,,,,,,,,,,,,,,,,,,
,,,,,,,,,,,,,,,,,,,,,,,,,
,,,,,,,,,,,,,,,,,,,,,,,,,
,,,,,,,,,,,,,,,,,,,,,,,,,
,,,,,,,,,,,,,,,,,,,,,,,,,
,,,,,,,,,,,,,,,,,,,,,,,,,
